,Loan_Status,Loan_ID
0,Y,LP001015
1,Y,LP001022
2,Y,LP001031
3,Y,LP001035
4,Y,LP001051
5,Y,LP001054
6,Y,LP001055
7,Y,LP001056
8,Y,LP001059
9,Y,LP001067
10,Y,LP001078
11,Y,LP001082
12,Y,LP001083
13,Y,LP001094
14,Y,LP001096
15,Y,LP001099
16,Y,LP001105
17,Y,LP001107
18,Y,LP001108
19,Y,LP001115
20,Y,LP001121
21,Y,LP001124
22,Y,LP001128
23,Y,LP001135
24,Y,LP001149
25,Y,LP001153
26,Y,LP001163
27,Y,LP001169
28,Y,LP001174
29,Y,LP001176
30,Y,LP001177
31,Y,LP001183
32,Y,LP001185
33,Y,LP001187
34,Y,LP001190
35,Y,LP001203
36,Y,LP001208
37,Y,LP001210
38,Y,LP001211
39,Y,LP001219
40,Y,LP001220
41,Y,LP001221
42,Y,LP001226
43,Y,LP001230
44,Y,LP001231
45,Y,LP001232
46,Y,LP001237
47,Y,LP001242
48,Y,LP001268
49,Y,LP001270
50,Y,LP001284
51,Y,LP001287
52,Y,LP001291
53,Y,LP001298
54,Y,LP001312
55,Y,LP001313
56,Y,LP001317
57,Y,LP001321
58,Y,LP001323
59,Y,LP001324
60,Y,LP001332
61,Y,LP001335
62,Y,LP001338
63,Y,LP001347
64,Y,LP001348
65,Y,LP001351
66,Y,LP001352
67,Y,LP001358
68,Y,LP001359
69,Y,LP001361
70,Y,LP001366
71,Y,LP001368
72,Y,LP001375
73,Y,LP001380
74,Y,LP001386
75,Y,LP001400
76,Y,LP001407
77,Y,LP001413
78,Y,LP001415
79,Y,LP001419
80,Y,LP001420
81,Y,LP001428
82,Y,LP001445
83,Y,LP001446
84,Y,LP001450
85,Y,LP001452
86,Y,LP001455
87,Y,LP001466
88,Y,LP001471
89,Y,LP001472
90,Y,LP001475
91,Y,LP001483
92,Y,LP001486
93,Y,LP001490
94,Y,LP001496
95,Y,LP001499
96,Y,LP001500
97,Y,LP001501
98,Y,LP001517
99,Y,LP001527
100,Y,LP001534
101,Y,LP001542
102,Y,LP001547
103,Y,LP001548
104,Y,LP001558
105,Y,LP001561
106,Y,LP001563
107,Y,LP001567
108,Y,LP001568
109,Y,LP001573
110,Y,LP001584
111,Y,LP001587
112,Y,LP001589
113,Y,LP001591
114,Y,LP001599
115,Y,LP001601
116,Y,LP001607
117,Y,LP001611
118,Y,LP001613
119,Y,LP001622
120,Y,LP001627
121,Y,LP001650
122,Y,LP001651
123,Y,LP001652
124,Y,LP001655
125,Y,LP001660
126,Y,LP001662
127,Y,LP001663
128,Y,LP001667
129,Y,LP001695
130,Y,LP001703
131,Y,LP001718
132,Y,LP001728
133,Y,LP001735
134,Y,LP001737
135,Y,LP001739
136,Y,LP001742
137,Y,LP001757
138,Y,LP001769
139,Y,LP001771
140,Y,LP001785
141,Y,LP001787
142,Y,LP001789
143,Y,LP001791
144,Y,LP001794
145,Y,LP001797
146,Y,LP001815
147,Y,LP001817
148,Y,LP001818
149,Y,LP001822
150,Y,LP001827
151,Y,LP001831
152,Y,LP001842
153,Y,LP001853
154,Y,LP001855
155,Y,LP001857
156,Y,LP001862
157,Y,LP001867
158,Y,LP001878
159,Y,LP001881
160,Y,LP001886
161,Y,LP001906
162,Y,LP001909
163,Y,LP001911
164,Y,LP001921
165,Y,LP001923
166,Y,LP001933
167,Y,LP001943
168,Y,LP001950
169,Y,LP001959
170,Y,LP001961
171,Y,LP001973
172,Y,LP001975
173,Y,LP001979
174,Y,LP001995
175,Y,LP001999
176,Y,LP002007
177,Y,LP002009
178,Y,LP002016
179,Y,LP002017
180,Y,LP002018
181,Y,LP002027
182,Y,LP002028
183,Y,LP002042
184,Y,LP002045
185,Y,LP002046
186,Y,LP002047
187,Y,LP002056
188,Y,LP002057
189,Y,LP002059
190,Y,LP002062
191,Y,LP002064
192,Y,LP002069
193,Y,LP002070
194,Y,LP002077
195,Y,LP002083
196,Y,LP002090
197,Y,LP002096
198,Y,LP002099
199,Y,LP002102
200,Y,LP002105
201,Y,LP002107
202,Y,LP002111
203,Y,LP002117
204,Y,LP002118
205,Y,LP002123
206,Y,LP002125
207,Y,LP002148
208,Y,LP002152
209,Y,LP002165
210,Y,LP002167
211,Y,LP002168
212,Y,LP002172
213,Y,LP002176
214,Y,LP002183
215,Y,LP002184
216,Y,LP002186
217,Y,LP002192
218,Y,LP002195
219,Y,LP002208
220,Y,LP002212
221,Y,LP002240
222,Y,LP002245
223,Y,LP002253
224,Y,LP002256
225,Y,LP002257
226,Y,LP002264
227,Y,LP002270
228,Y,LP002279
229,Y,LP002286
230,Y,LP002294
231,Y,LP002298
232,Y,LP002306
233,Y,LP002310
234,Y,LP002311
235,Y,LP002316
236,Y,LP002321
237,Y,LP002325
238,Y,LP002326
239,Y,LP002329
240,Y,LP002333
241,Y,LP002339
242,Y,LP002344
243,Y,LP002346
244,Y,LP002354
245,Y,LP002355
246,Y,LP002358
247,Y,LP002360
248,Y,LP002375
249,Y,LP002376
250,Y,LP002383
251,Y,LP002385
252,Y,LP002389
253,Y,LP002394
254,Y,LP002397
255,Y,LP002399
256,Y,LP002400
257,Y,LP002402
258,Y,LP002412
259,Y,LP002415
260,Y,LP002417
261,Y,LP002420
262,Y,LP002425
263,Y,LP002433
264,Y,LP002440
265,Y,LP002441
266,Y,LP002442
267,Y,LP002445
268,Y,LP002450
269,Y,LP002471
270,Y,LP002476
271,Y,LP002482
272,Y,LP002485
273,Y,LP002495
274,Y,LP002496
275,Y,LP002523
276,Y,LP002542
277,Y,LP002550
278,Y,LP002551
279,Y,LP002553
280,Y,LP002554
281,Y,LP002561
282,Y,LP002566
283,Y,LP002568
284,Y,LP002570
285,Y,LP002572
286,Y,LP002581
287,Y,LP002584
288,Y,LP002592
289,Y,LP002593
290,Y,LP002599
291,Y,LP002604
292,Y,LP002605
293,Y,LP002609
294,Y,LP002610
295,Y,LP002612
296,Y,LP002614
297,Y,LP002630
298,Y,LP002635
299,Y,LP002639
300,Y,LP002644
301,Y,LP002651
302,Y,LP002654
303,Y,LP002657
304,Y,LP002711
305,Y,LP002712
306,Y,LP002721
307,Y,LP002735
308,Y,LP002744
309,Y,LP002745
310,Y,LP002746
311,Y,LP002747
312,Y,LP002754
313,Y,LP002759
314,Y,LP002760
315,Y,LP002766
316,Y,LP002769
317,Y,LP002774
318,Y,LP002775
319,Y,LP002781
320,Y,LP002782
321,Y,LP002786
322,Y,LP002790
323,Y,LP002791
324,Y,LP002793
325,Y,LP002802
326,Y,LP002803
327,Y,LP002805
328,Y,LP002806
329,Y,LP002816
330,Y,LP002823
331,Y,LP002825
332,Y,LP002826
333,Y,LP002843
334,Y,LP002849
335,Y,LP002850
336,Y,LP002853
337,Y,LP002856
338,Y,LP002857
339,Y,LP002858
340,Y,LP002860
341,Y,LP002867
342,Y,LP002869
343,Y,LP002870
344,Y,LP002876
345,Y,LP002878
346,Y,LP002879
347,Y,LP002885
348,Y,LP002890
349,Y,LP002891
350,Y,LP002899
351,Y,LP002901
352,Y,LP002907
353,Y,LP002920
354,Y,LP002921
355,Y,LP002932
356,Y,LP002935
357,Y,LP002952
358,Y,LP002954
359,Y,LP002962
360,Y,LP002965
361,Y,LP002969
362,Y,LP002971
363,Y,LP002975
364,Y,LP002980
365,Y,LP002986
366,Y,LP002989
